[
  {
    "title": "A Light in the Attic",
    "price": "\u00c2\u00a351.77"
  },
  {
    "title": "Tipping the Velvet",
    "price": "\u00c2\u00a353.74"
  },
  {
    "title": "Soumission",
    "price": "\u00c2\u00a350.10"
  },
  {
    "title": "Sharp Objects",
    "price": "\u00c2\u00a347.82"
  },
  {
    "title": "Sapiens: A Brief History of Humankind",
    "price": "\u00c2\u00a354.23"
  },
  {
    "title": "The Requiem Red",
    "price": "\u00c2\u00a322.65"
  },
  {
    "title": "The Dirty Little Secrets of Getting Your Dream Job",
    "price": "\u00c2\u00a333.34"
  },
  {
    "title": "The Coming Woman: A Novel Based on the Life of the Infamous Feminist, Victoria Woodhull",
    "price": "\u00c2\u00a317.93"
  },
  {
    "title": "The Boys in the Boat: Nine Americans and Their Epic Quest for Gold at the 1936 Berlin Olympics",
    "price": "\u00c2\u00a322.60"
  },
  {
    "title": "The Black Maria",
    "price": "\u00c2\u00a352.15"
  },
  {
    "title": "Starving Hearts (Triangular Trade Trilogy, #1)",
    "price": "\u00c2\u00a313.99"
  },
  {
    "title": "Shakespeare's Sonnets",
    "price": "\u00c2\u00a320.66"
  },
  {
    "title": "Set Me Free",
    "price": "\u00c2\u00a317.46"
  },
  {
    "title": "Scott Pilgrim's Precious Little Life (Scott Pilgrim #1)",
    "price": "\u00c2\u00a352.29"
  },
  {
    "title": "Rip it Up and Start Again",
    "price": "\u00c2\u00a335.02"
  },
  {
    "title": "Our Band Could Be Your Life: Scenes from the American Indie Underground, 1981-1991",
    "price": "\u00c2\u00a357.25"
  },
  {
    "title": "Olio",
    "price": "\u00c2\u00a323.88"
  },
  {
    "title": "Mesaerion: The Best Science Fiction Stories 1800-1849",
    "price": "\u00c2\u00a337.59"
  },
  {
    "title": "Libertarianism for Beginners",
    "price": "\u00c2\u00a351.33"
  },
  {
    "title": "It's Only the Himalayas",
    "price": "\u00c2\u00a345.17"
  },
  {
    "title": "In Her Wake",
    "price": "\u00c2\u00a312.84"
  },
  {
    "title": "How Music Works",
    "price": "\u00c2\u00a337.32"
  },
  {
    "title": "Foolproof Preserving: A Guide to Small Batch Jams, Jellies, Pickles, Condiments, and More: A Foolproof Guide to Making Small Batch Jams, Jellies, Pickles, Condiments, and More",
    "price": "\u00c2\u00a330.52"
  },
  {
    "title": "Chase Me (Paris Nights #2)",
    "price": "\u00c2\u00a325.27"
  },
  {
    "title": "Black Dust",
    "price": "\u00c2\u00a334.53"
  },
  {
    "title": "Birdsong: A Story in Pictures",
    "price": "\u00c2\u00a354.64"
  },
  {
    "title": "America's Cradle of Quarterbacks: Western Pennsylvania's Football Factory from Johnny Unitas to Joe Montana",
    "price": "\u00c2\u00a322.50"
  },
  {
    "title": "Aladdin and His Wonderful Lamp",
    "price": "\u00c2\u00a353.13"
  },
  {
    "title": "Worlds Elsewhere: Journeys Around Shakespeare\u00e2\u0080\u0099s Globe",
    "price": "\u00c2\u00a340.30"
  },
  {
    "title": "Wall and Piece",
    "price": "\u00c2\u00a344.18"
  },
  {
    "title": "The Four Agreements: A Practical Guide to Personal Freedom",
    "price": "\u00c2\u00a317.66"
  },
  {
    "title": "The Five Love Languages: How to Express Heartfelt Commitment to Your Mate",
    "price": "\u00c2\u00a331.05"
  },
  {
    "title": "The Elephant Tree",
    "price": "\u00c2\u00a323.82"
  },
  {
    "title": "The Bear and the Piano",
    "price": "\u00c2\u00a336.89"
  },
  {
    "title": "Sophie's World",
    "price": "\u00c2\u00a315.94"
  },
  {
    "title": "Penny Maybe",
    "price": "\u00c2\u00a333.29"
  },
  {
    "title": "Maude (1883-1993):She Grew Up with the country",
    "price": "\u00c2\u00a318.02"
  },
  {
    "title": "In a Dark, Dark Wood",
    "price": "\u00c2\u00a319.63"
  },
  {
    "title": "Behind Closed Doors",
    "price": "\u00c2\u00a352.22"
  },
  {
    "title": "You can't bury them all: Poems",
    "price": "\u00c2\u00a333.63"
  },
  {
    "title": "Slow States of Collapse: Poems",
    "price": "\u00c2\u00a357.31"
  },
  {
    "title": "Reasons to Stay Alive",
    "price": "\u00c2\u00a326.41"
  },
  {
    "title": "Private Paris (Private #10)",
    "price": "\u00c2\u00a347.61"
  },
  {
    "title": "#HigherSelfie: Wake Up Your Life. Free Your Soul. Find Your Tribe.",
    "price": "\u00c2\u00a323.11"
  },
  {
    "title": "Without Borders (Wanderlove #1)",
    "price": "\u00c2\u00a345.07"
  },
  {
    "title": "When We Collided",
    "price": "\u00c2\u00a331.77"
  },
  {
    "title": "We Love You, Charlie Freeman",
    "price": "\u00c2\u00a350.27"
  },
  {
    "title": "Untitled Collection: Sabbath Poems 2014",
    "price": "\u00c2\u00a314.27"
  },
  {
    "title": "Unseen City: The Majesty of Pigeons, the Discreet Charm of Snails & Other Wonders of the Urban Wilderness",
    "price": "\u00c2\u00a344.18"
  },
  {
    "title": "Unicorn Tracks",
    "price": "\u00c2\u00a318.78"
  },
  {
    "title": "Unbound: How Eight Technologies Made Us Human, Transformed Society, and Brought Our World to the Brink",
    "price": "\u00c2\u00a325.52"
  },
  {
    "title": "Tsubasa: WoRLD CHRoNiCLE 2 (Tsubasa WoRLD CHRoNiCLE #2)",
    "price": "\u00c2\u00a316.28"
  },
  {
    "title": "Throwing Rocks at the Google Bus: How Growth Became the Enemy of Prosperity",
    "price": "\u00c2\u00a331.12"
  },
  {
    "title": "This One Summer",
    "price": "\u00c2\u00a319.49"
  },
  {
    "title": "Thirst",
    "price": "\u00c2\u00a317.27"
  },
  {
    "title": "The Torch Is Passed: A Harding Family Story",
    "price": "\u00c2\u00a319.09"
  },
  {
    "title": "The Secret of Dreadwillow Carse",
    "price": "\u00c2\u00a356.13"
  },
  {
    "title": "The Pioneer Woman Cooks: Dinnertime: Comfort Classics, Freezer Food, 16-Minute Meals, and Other Delicious Ways to Solve Supper!",
    "price": "\u00c2\u00a356.41"
  },
  {
    "title": "The Past Never Ends",
    "price": "\u00c2\u00a356.50"
  },
  {
    "title": "The Natural History of Us (The Fine Art of Pretending #2)",
    "price": "\u00c2\u00a345.22"
  },
  {
    "title": "The Nameless City (The Nameless City #1)",
    "price": "\u00c2\u00a338.16"
  },
  {
    "title": "The Murder That Never Was (Forensic Instincts #5)",
    "price": "\u00c2\u00a354.11"
  },
  {
    "title": "The Most Perfect Thing: Inside (and Outside) a Bird's Egg",
    "price": "\u00c2\u00a342.96"
  },
  {
    "title": "The Mindfulness and Acceptance Workbook for Anxiety: A Guide to Breaking Free from Anxiety, Phobias, and Worry Using Acceptance and Commitment Therapy",
    "price": "\u00c2\u00a323.89"
  },
  {
    "title": "The Life-Changing Magic of Tidying Up: The Japanese Art of Decluttering and Organizing",
    "price": "\u00c2\u00a316.77"
  },
  {
    "title": "The Inefficiency Assassin: Time Management Tactics for Working Smarter, Not Longer",
    "price": "\u00c2\u00a320.59"
  },
  {
    "title": "The Gutsy Girl: Escapades for Your Life of Epic Adventure",
    "price": "\u00c2\u00a337.13"
  },
  {
    "title": "The Electric Pencil: Drawings from Inside State Hospital No. 3",
    "price": "\u00c2\u00a356.06"
  },
  {
    "title": "The Death of Humanity: and the Case for Life",
    "price": "\u00c2\u00a358.11"
  },
  {
    "title": "The Bulletproof Diet: Lose up to a Pound a Day, Reclaim Energy and Focus, Upgrade Your Life",
    "price": "\u00c2\u00a349.05"
  }
]